accuracy;loss;val_accuracy;val_loss
0.4140290915966034;0.8088906407356262;0.2696245610713959;0.7619819641113281
0.43284860253334045;0.7875142693519592;0.2696245610713959;0.7552619576454163
0.4140290915966034;0.7969943284988403;0.286689430475235;0.7486891150474548
0.3994867503643036;0.7977521419525146;0.2935153543949127;0.7421930432319641
0.4448246359825134;0.7721136212348938;0.3037542700767517;0.7359694838523865
0.4773310422897339;0.7547411322593689;0.3139931857585907;0.7303196787834167
0.44739094376564026;0.7600287795066833;0.32764506340026855;0.7248308658599854
0.4653550088405609;0.7527996301651001;0.33788394927978516;0.7192791700363159
0.45936697721481323;0.7527299523353577;0.35494881868362427;0.7140645384788513
0.47390931844711304;0.7474777698516846;0.39590445160865784;0.708609402179718
0.4987168610095978;0.7352469563484192;0.4197952151298523;0.7034992575645447
0.4918733835220337;0.7265926599502563;0.447098970413208;0.6987465023994446
0.5047048926353455;0.7271486520767212;0.4880546033382416;0.6937397718429565
0.5226689577102661;0.7180602550506592;0.5153583884239197;0.6891728639602661
0.526090681552887;0.7084180116653442;0.5460751056671143;0.6844325661659241
0.5081266164779663;0.711047887802124;0.5699658989906311;0.6798227429389954
0.5397775769233704;0.6977601647377014;0.5938566327095032;0.6755274534225464
0.5397775769233704;0.6909322142601013;0.61774742603302;0.6712414622306824
0.5303678512573242;0.6968809962272644;0.638225257396698;0.6670711636543274
0.557741641998291;0.6907239556312561;0.6518771052360535;0.6629037857055664
0.5620188117027283;0.6892630457878113;0.6552901268005371;0.6588497161865234
0.5431993007659912;0.6979045867919922;0.6621160507202148;0.6549072265625
0.5628742575645447;0.6844826936721802;0.6655290126800537;0.6510744094848633
0.5483319163322449;0.6936697363853455;0.6723549365997314;0.647485077381134
0.5936698317527771;0.6598482131958008;0.6825938820838928;0.6439425945281982
0.585970938205719;0.66517573595047;0.6825938820838928;0.6405012607574463
0.5705731511116028;0.6702837944030762;0.6825938820838928;0.6369611024856567
0.5842600464820862;0.661196231842041;0.6825938820838928;0.6336709260940552
0.5962361097335815;0.6525320410728455;0.6791808605194092;0.6304246187210083
0.6090675592422485;0.650490939617157;0.6791808605194092;0.627169668674469
0.5996578335762024;0.6515328884124756;0.6860068440437317;0.6238710284233093
0.6065012812614441;0.6531078815460205;0.6928327679634094;0.6206903457641602
0.617621898651123;0.6438371539115906;0.6996586918830872;0.6176895499229431
0.6116338968276978;0.6434973478317261;0.7098976373672485;0.6145594716072083
0.6107784509658813;0.6436536312103271;0.7133105993270874;0.6114475727081299
0.6270316243171692;0.6285080909729004;0.723549485206604;0.6083768606185913
0.6492728590965271;0.6227641701698303;0.7201365232467651;0.6054323315620422
0.6159110069274902;0.6320453882217407;0.7167235612869263;0.60261070728302
0.6544054746627808;0.616754412651062;0.7269624471664429;0.5997868776321411
0.6261762380599976;0.6262167096138;0.7269624471664429;0.5969679355621338
0.6458511352539062;0.6281622052192688;0.7303754091262817;0.5943320989608765
0.6116338968276978;0.6282200217247009;0.7337883710861206;0.5916357040405273
0.6261762380599976;0.6219227313995361;0.7406143546104431;0.5889245271682739
0.6689478158950806;0.6131191253662109;0.7474402785301208;0.5863358378410339
0.652694582939148;0.6136929392814636;0.7508532404899597;0.5837319493293762
0.6518391966819763;0.6107770204544067;0.7576791644096375;0.5812774300575256
0.6757912635803223;0.5932412147521973;0.7576791644096375;0.5787149667739868
0.658682644367218;0.6005129814147949;0.7576791644096375;0.576185405254364
0.6561163663864136;0.6068929433822632;0.7576791644096375;0.5737970471382141
0.6672369837760925;0.6054712533950806;0.7610921263694763;0.571309506893158
0.688622772693634;0.5920040607452393;0.7679181098937988;0.5689315795898438
0.6723695397377014;0.6010330319404602;0.7747440338134766;0.5666192770004272
0.6766467094421387;0.5873214602470398;0.7815699577331543;0.5643967986106873
0.6920444965362549;0.5852527022361755;0.7849829196929932;0.5620696544647217
0.6903336048126221;0.5866841673851013;0.7849829196929932;0.5598434805870056
0.7040205597877502;0.5769002437591553;0.7918089032173157;0.5576205849647522
0.6852010488510132;0.5736144185066223;0.8020477890968323;0.5553857684135437
0.7040205597877502;0.5758733153343201;0.8020477890968323;0.5531823635101318
0.7254063487052917;0.5749763250350952;0.8020477890968323;0.5509933829307556
0.7023096680641174;0.5632179975509644;0.8020477890968323;0.5487963557243347
0.7023096680641174;0.5781161785125732;0.8054607510566711;0.5467086434364319
0.701454222202301;0.5763288140296936;0.80887371301651;0.5447120666503906
0.7023096680641174;0.5726469159126282;0.8191125988960266;0.5426549315452576
0.7159965634346008;0.5618637204170227;0.8191125988960266;0.5405707359313965
0.7100085616111755;0.5648273825645447;0.8225256204605103;0.5385321378707886
0.7100085616111755;0.5649389624595642;0.8225256204605103;0.5365027189254761
0.71856290102005;0.5673573017120361;0.8225256204605103;0.5345046520233154
0.7100085616111755;0.5605658292770386;0.8225256204605103;0.5325209498405457
0.7211291790008545;0.5608212947845459;0.8259385824203491;0.5305950045585632
0.7245509028434753;0.5493689179420471;0.829351544380188;0.5285794734954834
0.7348160743713379;0.5486571788787842;0.8361774682998657;0.5265476703643799
0.7339606285095215;0.5573437213897705;0.8361774682998657;0.5245800614356995
0.7142857313156128;0.5581992864608765;0.8361774682998657;0.5226549506187439
0.742514967918396;0.5517976880073547;0.8395904302597046;0.5207132697105408
0.7331052422523499;0.552954912185669;0.8395904302597046;0.5187854170799255
0.7382377982139587;0.5461433529853821;0.8361774682998657;0.5168348550796509
0.7467921376228333;0.5404585003852844;0.8361774682998657;0.5149241089820862
0.7245509028434753;0.553490161895752;0.8361774682998657;0.5130272507667542
0.7459366917610168;0.5383952260017395;0.8361774682998657;0.5111010074615479
0.7467921376228333;0.5339065194129944;0.8361774682998657;0.5091456770896912
0.7356715202331543;0.5364671945571899;0.8361774682998657;0.5071699023246765
0.740804135799408;0.5377705693244934;0.8361774682998657;0.5053266286849976
0.7698888182640076;0.5302981734275818;0.8361774682998657;0.5034911036491394
0.7433704137802124;0.5345317721366882;0.8361774682998657;0.5016318559646606
0.753635585308075;0.5344001650810242;0.8361774682998657;0.499778151512146
0.7707442045211792;0.5220581889152527;0.8361774682998657;0.49794647097587585
0.7596235871315002;0.5278663635253906;0.8395904302597046;0.49617499113082886
0.7750213742256165;0.5213802456855774;0.8430033922195435;0.49429410696029663
0.7792985439300537;0.5191366672515869;0.8430033922195435;0.49248039722442627
0.7810094356536865;0.5212693214416504;0.8430033922195435;0.49059200286865234
0.7647562026977539;0.5209321975708008;0.8464163541793823;0.48877978324890137
0.7698888182640076;0.5237303376197815;0.8464163541793823;0.48698633909225464
0.7715996503829956;0.5178912281990051;0.849829375743866;0.485233873128891
0.783575713634491;0.5157212615013123;0.8532423377037048;0.4835202097892761
0.7596235871315002;0.5225688815116882;0.8532423377037048;0.48187682032585144
0.7869974374771118;0.5133019089698792;0.8532423377037048;0.48012399673461914
0.7767322659492493;0.5122340321540833;0.8532423377037048;0.4784340262413025
0.785286545753479;0.5064047574996948;0.8566552996635437;0.4767213463783264
0.7758768200874329;0.5125795006752014;0.8566552996635437;0.47500354051589966
0.7861419916152954;0.502371609210968;0.8600682616233826;0.47328701615333557
0.7690333724021912;0.5073454976081848;0.8600682616233826;0.47165048122406006
0.7989735007286072;0.49031832814216614;0.8600682616233826;0.469937264919281
0.7972626090049744;0.495500773191452;0.8668941855430603;0.46822187304496765
0.7989735007286072;0.49270370602607727;0.8668941855430603;0.46648040413856506
0.7861419916152954;0.49902206659317017;0.873720109462738;0.4648970663547516
0.7647562026977539;0.49676305055618286;0.873720109462738;0.4633241295814514
0.7938408851623535;0.4976807236671448;0.8805460929870605;0.46171268820762634
0.7912746071815491;0.49592316150665283;0.8771331310272217;0.46018704771995544
0.7929854393005371;0.49291110038757324;0.8839590549468994;0.4586375951766968
0.7912746071815491;0.48922789096832275;0.8839590549468994;0.457075834274292
0.8075277805328369;0.47712627053260803;0.8839590549468994;0.45558494329452515
0.7998288869857788;0.4849390387535095;0.8805460929870605;0.45406246185302734
0.7972626090049744;0.4874792695045471;0.8805460929870605;0.4525800049304962
0.8015397787094116;0.4816831350326538;0.8805460929870605;0.4510516822338104
0.8092386722564697;0.4868408441543579;0.8771331310272217;0.44956183433532715
0.8100941181182861;0.47627177834510803;0.873720109462738;0.44806304574012756
0.815226674079895;0.47981777787208557;0.8771331310272217;0.44658517837524414
0.8126603960990906;0.47455453872680664;0.873720109462738;0.44512856006622314
0.8092386722564697;0.48407161235809326;0.8771331310272217;0.4437088072299957
0.8195038437843323;0.4783155620098114;0.8771331310272217;0.442290335893631
0.8109495043754578;0.47237733006477356;0.8771331310272217;0.4408769905567169
0.8092386722564697;0.4796631336212158;0.8771331310272217;0.4395234286785126
0.8100941181182861;0.47811150550842285;0.873720109462738;0.4381825923919678
0.815226674079895;0.4661928415298462;0.8771331310272217;0.4368054270744324
0.8237810134887695;0.4653934836387634;0.8771331310272217;0.4354049563407898
0.8109495043754578;0.4740384817123413;0.8771331310272217;0.43409043550491333
0.8357570767402649;0.4567149579524994;0.8771331310272217;0.4327055513858795
0.8177930116653442;0.4678060710430145;0.8771331310272217;0.43140798807144165
0.8058169484138489;0.4695521295070648;0.8771331310272217;0.4301016926765442
0.8109495043754578;0.4652196764945984;0.8771331310272217;0.42881783843040466
0.8160821199417114;0.46264252066612244;0.8805460929870605;0.42758551239967346
0.8195038437843323;0.4588734805583954;0.8805460929870605;0.42626819014549255
0.8314799070358276;0.45392701029777527;0.8805460929870605;0.4250260591506958
0.832335352897644;0.4591781795024872;0.8805460929870605;0.4237748384475708
0.8280581831932068;0.4559306800365448;0.8805460929870605;0.4225263297557831
0.815226674079895;0.4596608281135559;0.8805460929870605;0.4213196337223053
0.8289136290550232;0.44623738527297974;0.8805460929870605;0.42007970809936523
0.8126603960990906;0.46302422881126404;0.8805460929870605;0.41892847418785095
0.8340461850166321;0.4429131746292114;0.8805460929870605;0.41775578260421753
0.8374679088592529;0.44723883271217346;0.8805460929870605;0.4165344536304474
0.8237810134887695;0.4546527564525604;0.8805460929870605;0.41534218192100525
0.8426005244255066;0.45109742879867554;0.8805460929870605;0.41418859362602234
0.8220701217651367;0.4452435374259949;0.8805460929870605;0.41301965713500977
0.8391788005828857;0.4432758390903473;0.8805460929870605;0.4118260443210602
0.8331907391548157;0.443270206451416;0.8805460929870605;0.41065797209739685
0.826347291469574;0.4439680576324463;0.8805460929870605;0.40950021147727966
0.8340461850166321;0.4473019242286682;0.8805460929870605;0.40839478373527527
0.8229255676269531;0.44476088881492615;0.8805460929870605;0.4073118269443512
0.8366124629974365;0.44704535603523254;0.8805460929870605;0.4062786400318146
0.8554319739341736;0.42616772651672363;0.8805460929870605;0.40515998005867004
0.8254918456077576;0.43907690048217773;0.8805460929870605;0.4040663242340088
0.8272027373313904;0.44259458780288696;0.8805460929870605;0.40298205614089966
0.8588536977767944;0.435220330953598;0.8805460929870605;0.4018465578556061
0.8349016308784485;0.4288085401058197;0.8771331310272217;0.40075862407684326
0.8443113565444946;0.4301811754703522;0.8771331310272217;0.39967507123947144
0.8494439721107483;0.43134069442749023;0.8771331310272217;0.39858242869377136
0.8400342464447021;0.44489073753356934;0.8771331310272217;0.39753374457359314
0.8383233547210693;0.4344189763069153;0.8771331310272217;0.39649084210395813
0.8571428656578064;0.4291492700576782;0.8771331310272217;0.39545494318008423
0.8417450785636902;0.43205949664115906;0.8771331310272217;0.39445820450782776
0.8443113565444946;0.4272218644618988;0.8771331310272217;0.393429696559906
0.8314799070358276;0.43282008171081543;0.8771331310272217;0.39241141080856323
0.8614200353622437;0.4246906638145447;0.8771331310272217;0.3913981318473816
0.8426005244255066;0.4294968843460083;0.873720109462738;0.39035993814468384
0.8468776941299438;0.42992255091667175;0.873720109462738;0.389352023601532
0.8494439721107483;0.4222103953361511;0.873720109462738;0.38836783170700073
0.8417450785636902;0.4230356216430664;0.873720109462738;0.38740071654319763
0.8622754216194153;0.4183588922023773;0.873720109462738;0.3864276707172394
0.8443113565444946;0.4335067868232727;0.873720109462738;0.38550469279289246
0.8468776941299438;0.42572537064552307;0.873720109462738;0.3846037685871124
0.8537211418151855;0.4071950614452362;0.873720109462738;0.3835960626602173
0.854576587677002;0.4178965091705322;0.8703071475028992;0.38265448808670044
0.8631308674812317;0.40970736742019653;0.8668941855430603;0.38168758153915405
0.8528656959533691;0.41419050097465515;0.8703071475028992;0.3807152211666107
0.8537211418151855;0.4172266125679016;0.8703071475028992;0.3798148036003113
0.8417450785636902;0.42040398716926575;0.8703071475028992;0.3788982629776001
0.8631308674812317;0.41111400723457336;0.8703071475028992;0.37796005606651306
0.8656972050666809;0.40496453642845154;0.8703071475028992;0.37701910734176636
0.8682634830474854;0.4069770872592926;0.8703071475028992;0.3760548233985901
0.8648417592048645;0.4040369987487793;0.8703071475028992;0.3751187324523926
0.8682634830474854;0.40247589349746704;0.8703071475028992;0.3741569221019745
0.8631308674812317;0.4054790437221527;0.8703071475028992;0.3731960952281952
0.8502994179725647;0.40854817628860474;0.8703071475028992;0.37234750390052795
0.8588536977767944;0.4065301716327667;0.8703071475028992;0.37143272161483765
0.8716852068901062;0.398902028799057;0.8703071475028992;0.370535671710968
0.8656972050666809;0.40078261494636536;0.8703071475028992;0.3695743978023529
0.8614200353622437;0.4137972593307495;0.8703071475028992;0.36873772740364075
0.8699743151664734;0.3977249264717102;0.8703071475028992;0.3678934574127197
0.8682634830474854;0.3991518020629883;0.8703071475028992;0.36697739362716675
0.8716852068901062;0.4035029113292694;0.8703071475028992;0.36612454056739807
0.8733960390090942;0.39371317625045776;0.8703071475028992;0.3651916980743408
0.8477330803871155;0.40145862102508545;0.8703071475028992;0.36437278985977173
0.8571428656578064;0.4113094210624695;0.8703071475028992;0.36355966329574585
0.8682634830474854;0.3989674150943756;0.8703071475028992;0.36273840069770813
0.8417450785636902;0.4093225598335266;0.8703071475028992;0.36194536089897156
0.8665525913238525;0.39678820967674255;0.8703071475028992;0.3611033260822296
0.8665525913238525;0.39557188749313354;0.8703071475028992;0.3602718114852905
0.8699743151664734;0.3898472189903259;0.8703071475028992;0.3594602048397064
0.8614200353622437;0.4009389579296112;0.8703071475028992;0.35866013169288635
0.8733960390090942;0.39375874400138855;0.8703071475028992;0.35781800746917725
0.8768178224563599;0.39120227098464966;0.8703071475028992;0.3569681942462921
0.8768178224563599;0.39021143317222595;0.8703071475028992;0.356164813041687
0.8665525913238525;0.39220044016838074;0.8703071475028992;0.35533228516578674
0.8520102500915527;0.395293265581131;0.8703071475028992;0.3545355796813965
0.8708297610282898;0.38765960931777954;0.8703071475028992;0.35370558500289917
0.8639863133430481;0.38483181595802307;0.8703071475028992;0.3528948426246643
0.8742514848709106;0.3911364674568176;0.8703071475028992;0.35209333896636963
0.8477330803871155;0.3841543197631836;0.8703071475028992;0.35132619738578796
0.867408037185669;0.392199844121933;0.8703071475028992;0.3505702316761017
0.8768178224563599;0.37768498063087463;0.8703071475028992;0.3496711850166321
0.8656972050666809;0.3944658935070038;0.8703071475028992;0.3489246964454651
0.8733960390090942;0.37942907214164734;0.8703071475028992;0.3481513559818268
0.8802395462989807;0.3851357400417328;0.8703071475028992;0.3473569452762604
0.8793841004371643;0.3749493360519409;0.8703071475028992;0.346540242433548
0.8768178224563599;0.37933656573295593;0.8703071475028992;0.34573549032211304
0.8588536977767944;0.38264694809913635;0.8703071475028992;0.34493616223335266
0.8716852068901062;0.3732014298439026;0.8703071475028992;0.3441925644874573
0.8699743151664734;0.36814481019973755;0.8703071475028992;0.34339573979377747
0.8716852068901062;0.3844465911388397;0.8703071475028992;0.3426433801651001
0.8682634830474854;0.3821541666984558;0.8703071475028992;0.34191393852233887
0.8887938261032104;0.3690086901187897;0.8703071475028992;0.3410833775997162
0.8716852068901062;0.37640127539634705;0.8703071475028992;0.3402959108352661
0.8648417592048645;0.37855958938598633;0.8703071475028992;0.33962422609329224
0.8716852068901062;0.38361528515815735;0.8703071475028992;0.3389275074005127
0.8699743151664734;0.3737153708934784;0.8703071475028992;0.33816879987716675
0.8656972050666809;0.3779938817024231;0.8703071475028992;0.3374828100204468
0.8648417592048645;0.373727411031723;0.8703071475028992;0.3367615342140198
0.8793841004371643;0.36886295676231384;0.8703071475028992;0.33604946732521057
0.8656972050666809;0.3766668140888214;0.8703071475028992;0.33534759283065796
0.8785286545753479;0.36615464091300964;0.8703071475028992;0.3346408009529114
0.8768178224563599;0.3643781542778015;0.8703071475028992;0.3338989019393921
0.8699743151664734;0.36663827300071716;0.8703071475028992;0.3332382142543793
0.8622754216194153;0.36874204874038696;0.8703071475028992;0.3325938582420349
0.8605645895004272;0.372088223695755;0.8703071475028992;0.3320041596889496
0.8785286545753479;0.3717673122882843;0.8703071475028992;0.3313591480255127
0.867408037185669;0.36885133385658264;0.8703071475028992;0.33068710565567017
0.8768178224563599;0.36206212639808655;0.8703071475028992;0.33003169298171997
0.8828058242797852;0.36905092000961304;0.8703071475028992;0.3293381631374359
0.8716852068901062;0.36896562576293945;0.8703071475028992;0.328655868768692
0.8691189289093018;0.3623203635215759;0.873720109462738;0.3279965817928314
0.8682634830474854;0.36617085337638855;0.873720109462738;0.327361524105072
0.8733960390090942;0.36513200402259827;0.873720109462738;0.32668495178222656
0.8742514848709106;0.36559608578681946;0.873720109462738;0.3260113596916199
0.8665525913238525;0.36088234186172485;0.873720109462738;0.3253421187400818
0.8785286545753479;0.35469114780426025;0.873720109462738;0.32464346289634705
0.8905047178268433;0.3507988452911377;0.8771331310272217;0.3239598572254181
0.8768178224563599;0.3550393879413605;0.8771331310272217;0.32326143980026245
0.8853721022605896;0.35392701625823975;0.8771331310272217;0.3225927948951721
0.8819503784179688;0.3558907210826874;0.8771331310272217;0.3219664990901947
0.867408037185669;0.3623962104320526;0.8771331310272217;0.3213648498058319
0.8836612701416016;0.3547147810459137;0.8771331310272217;0.32075637578964233
0.8725406527519226;0.35734260082244873;0.8771331310272217;0.3201703727245331
0.8742514848709106;0.3587149679660797;0.8771331310272217;0.319571316242218
0.8828058242797852;0.3534890413284302;0.8771331310272217;0.31895530223846436
0.8776732087135315;0.35412925481796265;0.8771331310272217;0.31835857033729553
0.8785286545753479;0.34725087881088257;0.8771331310272217;0.3177736699581146
0.8716852068901062;0.3626265525817871;0.8771331310272217;0.3172498941421509
0.8725406527519226;0.3464275896549225;0.8771331310272217;0.3166981637477875
0.8742514848709106;0.3624602258205414;0.8771331310272217;0.3161187767982483
0.8896492719650269;0.34530431032180786;0.8771331310272217;0.3154718577861786
0.8759623765945435;0.35026639699935913;0.8771331310272217;0.3149110972881317
0.8725406527519226;0.3447165787220001;0.8771331310272217;0.3143208622932434
0.8905047178268433;0.34644269943237305;0.8771331310272217;0.3137059807777405
0.8802395462989807;0.3543882966041565;0.8771331310272217;0.31314268708229065
0.8733960390090942;0.34862950444221497;0.8771331310272217;0.3126275837421417
0.8810949325561523;0.3456517457962036;0.8771331310272217;0.3120483458042145
0.8742514848709106;0.35171225666999817;0.8771331310272217;0.3114689588546753
0.8785286545753479;0.34774038195610046;0.8771331310272217;0.3108540177345276
0.8785286545753479;0.34537217020988464;0.8771331310272217;0.3102700710296631
0.8836612701416016;0.3440302014350891;0.8771331310272217;0.30968475341796875
0.8785286545753479;0.34647682309150696;0.8771331310272217;0.3091288208961487
0.8870829939842224;0.3406131863594055;0.8771331310272217;0.3085213005542755
0.8768178224563599;0.3520229160785675;0.8771331310272217;0.3079538941383362
0.875106930732727;0.3450488746166229;0.873720109462738;0.30738478899002075
0.8810949325561523;0.34885475039482117;0.873720109462738;0.3069150447845459
0.8887938261032104;0.3443933427333832;0.873720109462738;0.30637088418006897
0.8725406527519226;0.35367459058761597;0.873720109462738;0.30584174394607544
0.886227548122406;0.3439868688583374;0.873720109462738;0.30525144934654236
0.8930709958076477;0.3363482356071472;0.873720109462738;0.3046337962150574
0.8742514848709106;0.34295448660850525;0.873720109462738;0.30409321188926697
0.8947818875312805;0.3317926526069641;0.873720109462738;0.3035462200641632
0.8810949325561523;0.34162044525146484;0.8771331310272217;0.3030596077442169
0.8810949325561523;0.3323874771595001;0.8771331310272217;0.30253028869628906
0.8768178224563599;0.34232261776924133;0.8771331310272217;0.30199792981147766
0.8742514848709106;0.3447851836681366;0.8771331310272217;0.3015260398387909
0.887938380241394;0.34933409094810486;0.8771331310272217;0.3010821044445038
0.8819503784179688;0.32517364621162415;0.8771331310272217;0.3005489110946655
0.8785286545753479;0.3490790128707886;0.8771331310272217;0.30003857612609863
0.8725406527519226;0.3461504876613617;0.8771331310272217;0.29960280656814575
0.8845166563987732;0.3378479778766632;0.8771331310272217;0.29908186197280884
0.8828058242797852;0.32924357056617737;0.8771331310272217;0.2986152768135071
0.8836612701416016;0.3403647541999817;0.8771331310272217;0.29802754521369934
0.8725406527519226;0.3389175236225128;0.8771331310272217;0.2975764274597168
0.8853721022605896;0.3331795036792755;0.8771331310272217;0.2971455454826355
0.8776732087135315;0.3454093635082245;0.8771331310272217;0.2967658042907715
0.8887938261032104;0.33102133870124817;0.8771331310272217;0.2963449954986572
0.8691189289093018;0.3456536829471588;0.8771331310272217;0.29583221673965454
0.8802395462989807;0.3337409794330597;0.8771331310272217;0.2954117953777313
0.8785286545753479;0.34102898836135864;0.8771331310272217;0.2949974834918976
0.8905047178268433;0.32959774136543274;0.8771331310272217;0.2945024073123932
0.8887938261032104;0.32937636971473694;0.8771331310272217;0.2940253019332886
0.875106930732727;0.3370782434940338;0.8771331310272217;0.293607234954834
0.897348165512085;0.3240773379802704;0.8771331310272217;0.29313924908638
0.8785286545753479;0.33388400077819824;0.8771331310272217;0.29275864362716675
0.8810949325561523;0.3282592296600342;0.8771331310272217;0.2923896312713623
0.8716852068901062;0.33714964985847473;0.8771331310272217;0.2920379936695099
0.8802395462989807;0.3350372612476349;0.8771331310272217;0.2916963994503021
0.8836612701416016;0.3359057307243347;0.8771331310272217;0.29129353165626526
0.8665525913238525;0.3475446105003357;0.8771331310272217;0.2909761369228363
0.8768178224563599;0.3308025896549225;0.8771331310272217;0.29052355885505676
0.875106930732727;0.3360626995563507;0.8771331310272217;0.29014652967453003
0.8836612701416016;0.3309234082698822;0.8771331310272217;0.2897309958934784
0.8793841004371643;0.3304453492164612;0.8771331310272217;0.28931576013565063
0.875106930732727;0.3360169529914856;0.8771331310272217;0.2889888882637024
0.8810949325561523;0.32802996039390564;0.8771331310272217;0.28865426778793335
0.8870829939842224;0.3428161144256592;0.8771331310272217;0.2883348762989044
0.8930709958076477;0.31719160079956055;0.8771331310272217;0.2878781259059906
0.8853721022605896;0.3241662383079529;0.8771331310272217;0.287392795085907
0.8905047178268433;0.33476531505584717;0.8771331310272217;0.2870020270347595
0.8776732087135315;0.33459344506263733;0.8771331310272217;0.28667083382606506
0.886227548122406;0.3264728784561157;0.8771331310272217;0.2863091826438904
0.8913601636886597;0.3137343227863312;0.8771331310272217;0.28589925169944763
0.8828058242797852;0.318562775850296;0.8771331310272217;0.28551918268203735
0.8793841004371643;0.3329617381095886;0.8771331310272217;0.28514015674591064
0.8828058242797852;0.3253306448459625;0.8771331310272217;0.28482410311698914
0.8810949325561523;0.323874294757843;0.8771331310272217;0.28449302911758423
0.8810949325561523;0.32747209072113037;0.8771331310272217;0.2841523587703705
0.8810949325561523;0.3203486502170563;0.8771331310272217;0.2838471233844757
0.8905047178268433;0.31282663345336914;0.8771331310272217;0.2834787666797638
0.8853721022605896;0.3324584364891052;0.8771331310272217;0.2831454575061798
0.8768178224563599;0.3261651396751404;0.8771331310272217;0.28278225660324097
0.886227548122406;0.3297877609729767;0.8771331310272217;0.282500296831131
0.8716852068901062;0.33311375975608826;0.8771331310272217;0.28227317333221436
0.8819503784179688;0.3197016417980194;0.8771331310272217;0.28194183111190796
0.8870829939842224;0.32345038652420044;0.8771331310272217;0.2816043496131897
0.8759623765945435;0.33077141642570496;0.8771331310272217;0.2812301814556122
0.8939264416694641;0.3124754726886749;0.8771331310272217;0.2808261811733246
0.8776732087135315;0.33231407403945923;0.8771331310272217;0.280512273311615
0.875106930732727;0.3215706944465637;0.8771331310272217;0.28021275997161865
0.8845166563987732;0.31827080249786377;0.8771331310272217;0.2798793911933899
0.8819503784179688;0.332374632358551;0.8771331310272217;0.27962133288383484
0.8733960390090942;0.3330390453338623;0.8771331310272217;0.2794056832790375
0.8810949325561523;0.31404390931129456;0.8771331310272217;0.27901118993759155
0.875106930732727;0.32986557483673096;0.8771331310272217;0.27872538566589355
0.8853721022605896;0.3210161328315735;0.8771331310272217;0.2784580588340759
0.8793841004371643;0.31079578399658203;0.8771331310272217;0.27814388275146484
0.8939264416694641;0.3202868103981018;0.8805460929870605;0.27777472138404846
0.8836612701416016;0.3150707483291626;0.8771331310272217;0.2774728238582611
0.8810949325561523;0.3283447325229645;0.8771331310272217;0.27720656991004944
0.8905047178268433;0.32100632786750793;0.8805460929870605;0.27694180607795715
0.8725406527519226;0.3219146728515625;0.8771331310272217;0.2767174541950226
0.8828058242797852;0.3206600844860077;0.8805460929870605;0.27645343542099
0.8785286545753479;0.32320061326026917;0.8771331310272217;0.27622729539871216
0.8939264416694641;0.30461758375167847;0.8805460929870605;0.27585503458976746
0.8793841004371643;0.3234732449054718;0.8771331310272217;0.2756161093711853
0.8913601636886597;0.31513914465904236;0.8805460929870605;0.2752496004104614
0.8810949325561523;0.3074265718460083;0.8805460929870605;0.2749769687652588
0.8819503784179688;0.3184211254119873;0.8771331310272217;0.27467936277389526
0.8896492719650269;0.30170491337776184;0.8771331310272217;0.27438002824783325
0.8810949325561523;0.30795809626579285;0.8805460929870605;0.2741483449935913
0.8828058242797852;0.31838929653167725;0.8771331310272217;0.27388617396354675
0.8845166563987732;0.3129439353942871;0.8771331310272217;0.2736298143863678
0.8802395462989807;0.316751092672348;0.8805460929870605;0.2734117805957794
0.8793841004371643;0.3083426058292389;0.8805460929870605;0.2730887234210968
0.8819503784179688;0.3229353129863739;0.8805460929870605;0.27292314171791077
0.8793841004371643;0.3125942051410675;0.8805460929870605;0.27259474992752075
0.8776732087135315;0.32039675116539;0.8805460929870605;0.27237820625305176
0.8845166563987732;0.3291412889957428;0.8805460929870605;0.27217838168144226
0.886227548122406;0.3121947944164276;0.8805460929870605;0.27193939685821533
0.8853721022605896;0.3242829442024231;0.8805460929870605;0.27172377705574036
0.8922155499458313;0.31039586663246155;0.8805460929870605;0.27149665355682373
0.8845166563987732;0.321874737739563;0.8805460929870605;0.2713092267513275
0.887938380241394;0.3008011281490326;0.8805460929870605;0.27102163434028625
0.8887938261032104;0.31049835681915283;0.8805460929870605;0.2707497775554657
0.886227548122406;0.3072226047515869;0.8839590549468994;0.2705128788948059
0.8896492719650269;0.31354302167892456;0.8839590549468994;0.2702787220478058
0.8802395462989807;0.3174459934234619;0.8839590549468994;0.27008509635925293
0.8870829939842224;0.3243733048439026;0.8839590549468994;0.2698775827884674
0.887938380241394;0.31893256306648254;0.8839590549468994;0.2697095274925232
0.8828058242797852;0.31301364302635193;0.8839590549468994;0.2694455683231354
0.8905047178268433;0.30628326535224915;0.8839590549468994;0.2691475749015808
0.8930709958076477;0.2974412441253662;0.8839590549468994;0.26886430382728577
0.8828058242797852;0.31284666061401367;0.8839590549468994;0.26861560344696045
0.8828058242797852;0.3100285232067108;0.8839590549468994;0.26837649941444397
0.8896492719650269;0.30969613790512085;0.8873720169067383;0.2680446207523346
0.875106930732727;0.3162800967693329;0.8873720169067383;0.26780667901039124
0.8905047178268433;0.310874879360199;0.8873720169067383;0.26758915185928345
0.8828058242797852;0.30834904313087463;0.8873720169067383;0.2674162983894348
0.8802395462989807;0.30870139598846436;0.8873720169067383;0.2672441005706787
0.8785286545753479;0.31834399700164795;0.8873720169067383;0.26715517044067383
0.8819503784179688;0.31412404775619507;0.8873720169067383;0.26695069670677185
0.8819503784179688;0.31947916746139526;0.8873720169067383;0.2667745053768158
0.8845166563987732;0.30290377140045166;0.8873720169067383;0.26655593514442444
0.8922155499458313;0.301542192697525;0.8873720169067383;0.2663058936595917
0.8964927196502686;0.30507737398147583;0.8873720169067383;0.266107439994812
0.8819503784179688;0.30786335468292236;0.8873720169067383;0.2659325897693634
0.897348165512085;0.30075809359550476;0.8873720169067383;0.2656441330909729
0.875106930732727;0.3214464485645294;0.8873720169067383;0.2654625177383423
0.8768178224563599;0.3097045421600342;0.8873720169067383;0.2653410732746124
0.8887938261032104;0.2986512780189514;0.8873720169067383;0.26515641808509827
0.8819503784179688;0.3059038817882538;0.8873720169067383;0.2649862766265869
0.8913601636886597;0.30642905831336975;0.8873720169067383;0.26467347145080566
0.9007698893547058;0.29855746030807495;0.8873720169067383;0.2644449770450592
0.8810949325561523;0.3155512809753418;0.8873720169067383;0.2642631232738495
0.8845166563987732;0.30089059472084045;0.8873720169067383;0.26412642002105713
0.8930709958076477;0.3042903244495392;0.8873720169067383;0.2639131247997284
0.899058997631073;0.3005494177341461;0.8873720169067383;0.2637884318828583
0.8947818875312805;0.3121158182621002;0.8873720169067383;0.26357394456863403
0.8819503784179688;0.3059054911136627;0.8873720169067383;0.26339423656463623
0.8845166563987732;0.3021858036518097;0.8873720169067383;0.2631956934928894
0.8913601636886597;0.30049243569374084;0.8873720169067383;0.26302582025527954
0.8870829939842224;0.30981382727622986;0.8873720169067383;0.26283273100852966
0.886227548122406;0.3187696933746338;0.8873720169067383;0.26267534494400024
0.8870829939842224;0.313431978225708;0.8873720169067383;0.2624914050102234
0.8836612701416016;0.30937516689300537;0.8873720169067383;0.26234838366508484
0.8913601636886597;0.2992877960205078;0.8873720169067383;0.26213863492012024
0.8836612701416016;0.30772683024406433;0.8873720169067383;0.2619801163673401
0.8793841004371643;0.307153582572937;0.8873720169067383;0.2618873417377472
0.8759623765945435;0.3077022135257721;0.8873720169067383;0.26180869340896606
0.875106930732727;0.3136744499206543;0.8873720169067383;0.2616466283798218
0.8913601636886597;0.2993220090866089;0.8873720169067383;0.261450856924057
0.875106930732727;0.2953374981880188;0.8873720169067383;0.2612728774547577
0.8819503784179688;0.3165396451950073;0.8873720169067383;0.2611536383628845
0.8836612701416016;0.305702269077301;0.8873720169067383;0.26111024618148804
0.897348165512085;0.300309419631958;0.8873720169067383;0.2609049379825592
0.887938380241394;0.3107452094554901;0.8873720169067383;0.26080837845802307
0.8802395462989807;0.301428884267807;0.8873720169067383;0.260675847530365
0.8896492719650269;0.30390244722366333;0.8873720169067383;0.26058506965637207
0.8905047178268433;0.31541869044303894;0.8873720169067383;0.260423868894577
0.8802395462989807;0.30526334047317505;0.8873720169067383;0.260262668132782
0.8870829939842224;0.29757899045944214;0.8873720169067383;0.2600550353527069
0.897348165512085;0.29228439927101135;0.8873720169067383;0.25986096262931824
0.8828058242797852;0.31542855501174927;0.8873720169067383;0.25974133610725403
0.887938380241394;0.30017632246017456;0.8873720169067383;0.25963446497917175
0.8836612701416016;0.31451117992401123;0.8873720169067383;0.2595626711845398
0.8810949325561523;0.30172598361968994;0.8873720169067383;0.25943106412887573
0.886227548122406;0.29829543828964233;0.8873720169067383;0.25929227471351624
0.897348165512085;0.2974700927734375;0.8873720169067383;0.2591582238674164
0.886227548122406;0.3082663118839264;0.8873720169067383;0.25901615619659424
0.8896492719650269;0.2882089614868164;0.8873720169067383;0.25880861282348633
0.8887938261032104;0.30302807688713074;0.8873720169067383;0.25865137577056885
0.8887938261032104;0.2982276380062103;0.8873720169067383;0.2585099935531616
0.8887938261032104;0.30390092730522156;0.8873720169067383;0.2584398090839386
0.8776732087135315;0.30633917450904846;0.8873720169067383;0.2583407461643219
0.8810949325561523;0.29285120964050293;0.8873720169067383;0.25815582275390625
0.875106930732727;0.313221275806427;0.8873720169067383;0.25806140899658203
0.8922155499458313;0.2946927845478058;0.8873720169067383;0.2579919099807739
0.8793841004371643;0.31695348024368286;0.8873720169067383;0.25790107250213623
0.8982036113739014;0.29157179594039917;0.8873720169067383;0.2577546536922455
0.8836612701416016;0.3046979010105133;0.8873720169067383;0.25767484307289124
0.8922155499458313;0.29308053851127625;0.8873720169067383;0.25748738646507263
0.8776732087135315;0.30494099855422974;0.8873720169067383;0.257352352142334
0.8802395462989807;0.30971771478652954;0.8873720169067383;0.2573193311691284
0.8964927196502686;0.3070122301578522;0.8873720169067383;0.2572842538356781
0.8853721022605896;0.298957884311676;0.8873720169067383;0.25717586278915405
0.8785286545753479;0.30172839760780334;0.8873720169067383;0.25702881813049316
0.8947818875312805;0.2997262179851532;0.8873720169067383;0.2568933069705963
0.8836612701416016;0.3105838894844055;0.8873720169067383;0.25677600502967834
0.8845166563987732;0.3095073997974396;0.8873720169067383;0.25668513774871826
0.8802395462989807;0.31153005361557007;0.8873720169067383;0.2566765248775482
0.8853721022605896;0.2980644702911377;0.8873720169067383;0.2565591037273407
0.886227548122406;0.31549909710884094;0.8873720169067383;0.25641965866088867
0.8905047178268433;0.29502469301223755;0.8873720169067383;0.2563357651233673
0.8853721022605896;0.3052285611629486;0.8873720169067383;0.256240576505661
0.886227548122406;0.2949129641056061;0.8873720169067383;0.2561441659927368
0.8759623765945435;0.29473623633384705;0.8873720169067383;0.2560284733772278
0.8802395462989807;0.3002278208732605;0.8873720169067383;0.2559563219547272
0.887938380241394;0.3006032705307007;0.8873720169067383;0.25584134459495544
0.8802395462989807;0.2897421419620514;0.8873720169067383;0.2558195888996124
0.887938380241394;0.29716944694519043;0.8907849788665771;0.2557476758956909
0.8828058242797852;0.29778382182121277;0.8873720169067383;0.25552693009376526
0.8887938261032104;0.2909887433052063;0.8907849788665771;0.255437970161438
0.8853721022605896;0.2870273292064667;0.8873720169067383;0.2553102672100067
0.886227548122406;0.29244956374168396;0.8907849788665771;0.2552153170108795
0.8930709958076477;0.2848348021507263;0.8907849788665771;0.25508829951286316
0.8913601636886597;0.292091965675354;0.8873720169067383;0.2549195885658264
0.8887938261032104;0.29593685269355774;0.8907849788665771;0.25486651062965393
0.8930709958076477;0.2940478026866913;0.8907849788665771;0.2547989785671234
0.8810949325561523;0.2921687662601471;0.8907849788665771;0.2546996772289276
0.8905047178268433;0.28877437114715576;0.8907849788665771;0.2546307444572449
0.8956372737884521;0.2895759344100952;0.8907849788665771;0.25446265935897827
0.886227548122406;0.29568544030189514;0.8907849788665771;0.25431713461875916
0.886227548122406;0.30191725492477417;0.8907849788665771;0.25427156686782837
0.8776732087135315;0.3128036856651306;0.8907849788665771;0.25414738059043884
0.887938380241394;0.30340874195098877;0.8907849788665771;0.2540735900402069
0.8930709958076477;0.2915859520435333;0.8907849788665771;0.25397175550460815
0.8939264416694641;0.2973003089427948;0.8907849788665771;0.2538474500179291
0.8810949325561523;0.30148932337760925;0.8907849788665771;0.2537671625614166
0.8845166563987732;0.28509947657585144;0.8907849788665771;0.2537379860877991
0.8742514848709106;0.31169331073760986;0.8907849788665771;0.2536926567554474
0.8870829939842224;0.30274730920791626;0.8907849788665771;0.25363889336586
0.8922155499458313;0.29696834087371826;0.8907849788665771;0.25351670384407043
0.8939264416694641;0.30370408296585083;0.8907849788665771;0.2534785270690918
0.8939264416694641;0.2924216389656067;0.8907849788665771;0.25337931513786316
0.8922155499458313;0.3082183599472046;0.8907849788665771;0.253327339887619
0.8870829939842224;0.29361048340797424;0.8907849788665771;0.2532776892185211
0.8870829939842224;0.2985111474990845;0.8907849788665771;0.25319573283195496
0.886227548122406;0.29602935910224915;0.8907849788665771;0.2531028389930725
0.8802395462989807;0.2968582212924957;0.8907849788665771;0.2529987096786499
0.8819503784179688;0.3027649223804474;0.8907849788665771;0.2529304027557373
0.8947818875312805;0.2930269241333008;0.8907849788665771;0.2528908848762512
0.887938380241394;0.3028060495853424;0.8907849788665771;0.2528344690799713
0.8913601636886597;0.30150243639945984;0.8907849788665771;0.25274157524108887
0.8785286545753479;0.2927980124950409;0.8907849788665771;0.2527005970478058
0.8956372737884521;0.28420695662498474;0.8907849788665771;0.2525984048843384
0.8896492719650269;0.29619237780570984;0.8907849788665771;0.25252142548561096
0.8802395462989807;0.29919224977493286;0.8907849788665771;0.25253045558929443
0.8759623765945435;0.29826489090919495;0.8907849788665771;0.2524586021900177
0.8802395462989807;0.2911268174648285;0.8907849788665771;0.25240617990493774
0.886227548122406;0.2985464036464691;0.8907849788665771;0.2524001896381378
0.8905047178268433;0.28743353486061096;0.8907849788665771;0.25226736068725586
0.8887938261032104;0.290059357881546;0.8907849788665771;0.25211551785469055
0.8828058242797852;0.2909020781517029;0.8907849788665771;0.25206631422042847
0.8896492719650269;0.29003849625587463;0.8907849788665771;0.2519712448120117
0.8768178224563599;0.2964426279067993;0.8907849788665771;0.2519300878047943
0.8793841004371643;0.29660552740097046;0.8907849788665771;0.2518593668937683
0.886227548122406;0.296423077583313;0.8907849788665771;0.2516918480396271
0.8853721022605896;0.29351702332496643;0.8907849788665771;0.2516911029815674
0.8896492719650269;0.2842995822429657;0.8907849788665771;0.25160491466522217
0.8810949325561523;0.29442864656448364;0.8907849788665771;0.25159817934036255
0.8922155499458313;0.288007527589798;0.8907849788665771;0.25150224566459656
0.887938380241394;0.29588958621025085;0.8907849788665771;0.2513328194618225
0.8887938261032104;0.28847867250442505;0.8907849788665771;0.2512018084526062
0.8896492719650269;0.2856255769729614;0.8907849788665771;0.2510603666305542
0.8836612701416016;0.3055049777030945;0.8907849788665771;0.2509886622428894
0.8896492719650269;0.28268107771873474;0.8907849788665771;0.2510339915752411
0.8939264416694641;0.2893611192703247;0.8907849788665771;0.2508537471294403
0.8853721022605896;0.2983923554420471;0.8907849788665771;0.25067049264907837
0.8922155499458313;0.28134292364120483;0.8907849788665771;0.25060737133026123
0.8896492719650269;0.29390406608581543;0.8907849788665771;0.2505107820034027
0.8887938261032104;0.29763463139533997;0.8907849788665771;0.2504323720932007
0.8819503784179688;0.302850604057312;0.8907849788665771;0.25037020444869995
0.8802395462989807;0.300564706325531;0.8907849788665771;0.2502672076225281
0.886227548122406;0.28716304898262024;0.8907849788665771;0.2502283751964569
0.9016253352165222;0.2859806418418884;0.8907849788665771;0.25018006563186646
0.8905047178268433;0.2967492640018463;0.8907849788665771;0.2501024603843689
0.8896492719650269;0.29119884967803955;0.8907849788665771;0.250046968460083
0.8853721022605896;0.2900848686695099;0.8907849788665771;0.2500031888484955
0.8956372737884521;0.28212469816207886;0.8907849788665771;0.25002071261405945
0.8828058242797852;0.3032417297363281;0.8907849788665771;0.24996119737625122
0.8810949325561523;0.28772929310798645;0.8907849788665771;0.2498849332332611
0.9007698893547058;0.2876317799091339;0.8907849788665771;0.24980668723583221
0.8964927196502686;0.28572753071784973;0.8907849788665771;0.24969063699245453
0.8793841004371643;0.29492196440696716;0.8907849788665771;0.24969105422496796
0.886227548122406;0.28752514719963074;0.8907849788665771;0.2496417611837387
0.8913601636886597;0.2914191782474518;0.8907849788665771;0.24958017468452454
0.8896492719650269;0.2957531809806824;0.8907849788665771;0.2495751529932022
0.8853721022605896;0.29843759536743164;0.8907849788665771;0.24945636093616486
0.9067578911781311;0.2717653512954712;0.8907849788665771;0.2494354546070099
0.886227548122406;0.2828221619129181;0.8907849788665771;0.2494027465581894
0.8947818875312805;0.28683775663375854;0.8907849788665771;0.24937176704406738
0.8887938261032104;0.2976054251194;0.8907849788665771;0.2492901086807251
0.8905047178268433;0.2775343358516693;0.8907849788665771;0.24928952753543854
0.8870829939842224;0.2978261709213257;0.8907849788665771;0.24925434589385986
0.897348165512085;0.2954385280609131;0.8907849788665771;0.24912098050117493
0.8836612701416016;0.3090958893299103;0.8907849788665771;0.24916547536849976
0.887938380241394;0.29724159836769104;0.8907849788665771;0.24918240308761597
0.8802395462989807;0.28758934140205383;0.8907849788665771;0.24895533919334412
0.8913601636886597;0.2945185601711273;0.8907849788665771;0.24886861443519592
0.8853721022605896;0.2971797585487366;0.8907849788665771;0.24879521131515503
0.8982036113739014;0.2828032672405243;0.8907849788665771;0.248621866106987
0.8939264416694641;0.28537869453430176;0.8907849788665771;0.24855829775333405
0.8930709958076477;0.2835844159126282;0.8907849788665771;0.2484295666217804
0.8828058242797852;0.30258244276046753;0.8907849788665771;0.24846628308296204
0.8870829939842224;0.29914966225624084;0.8907849788665771;0.24838225543498993
0.8930709958076477;0.2923031449317932;0.8907849788665771;0.2483488768339157
0.886227548122406;0.2936649024486542;0.8907849788665771;0.24820402264595032
0.8845166563987732;0.2824881076812744;0.8907849788665771;0.24821165204048157
0.887938380241394;0.2921765148639679;0.8907849788665771;0.24808484315872192
0.8845166563987732;0.2910822331905365;0.8907849788665771;0.2479971945285797
0.8939264416694641;0.2832961678504944;0.8907849788665771;0.24793271720409393
0.8845166563987732;0.2879875898361206;0.894197940826416;0.24784889817237854
0.8939264416694641;0.2875003516674042;0.894197940826416;0.24780277907848358
0.8836612701416016;0.2923940420150757;0.894197940826416;0.24771404266357422
0.8870829939842224;0.2971755862236023;0.894197940826416;0.24766264855861664
0.8776732087135315;0.298446387052536;0.894197940826416;0.2476760745048523
0.8836612701416016;0.29569849371910095;0.894197940826416;0.24764586985111237
0.8887938261032104;0.28367874026298523;0.894197940826416;0.24759364128112793
0.8776732087135315;0.2972082197666168;0.894197940826416;0.24764129519462585
0.8870829939842224;0.29263895750045776;0.8907849788665771;0.24766938388347626
0.8870829939842224;0.291177898645401;0.894197940826416;0.24756507575511932
0.8913601636886597;0.2987886667251587;0.894197940826416;0.24747121334075928
0.8768178224563599;0.30690479278564453;0.894197940826416;0.2473900467157364
0.8887938261032104;0.28394657373428345;0.894197940826416;0.24732205271720886
0.8913601636886597;0.28301873803138733;0.894197940826416;0.24723345041275024
0.887938380241394;0.2944619059562683;0.894197940826416;0.247136652469635
0.887938380241394;0.27260497212409973;0.894197940826416;0.24704661965370178
0.8845166563987732;0.28582850098609924;0.894197940826416;0.2469949573278427
0.887938380241394;0.29368337988853455;0.894197940826416;0.2468886375427246
0.8887938261032104;0.2970115542411804;0.894197940826416;0.24689702689647675
0.8870829939842224;0.2789280414581299;0.894197940826416;0.24686913192272186
0.8836612701416016;0.28448840975761414;0.894197940826416;0.2467537373304367
0.8939264416694641;0.28151991963386536;0.8976109027862549;0.2466518133878708
0.8930709958076477;0.28862449526786804;0.8976109027862549;0.24660784006118774
0.8982036113739014;0.2693944573402405;0.8976109027862549;0.2465498149394989
0.899058997631073;0.29768630862236023;0.8976109027862549;0.24644704163074493
0.899058997631073;0.2706621289253235;0.894197940826416;0.24646688997745514
0.8939264416694641;0.28840163350105286;0.894197940826416;0.24640481173992157
0.8956372737884521;0.28575462102890015;0.894197940826416;0.24641358852386475
0.887938380241394;0.27534589171409607;0.894197940826416;0.24632833898067474
0.886227548122406;0.2829228937625885;0.894197940826416;0.24639475345611572
0.8913601636886597;0.28060874342918396;0.8976109027862549;0.24623222649097443
0.8930709958076477;0.29050514101982117;0.894197940826416;0.2462349832057953
0.8896492719650269;0.30191466212272644;0.8976109027862549;0.24618421494960785
0.8828058242797852;0.29153263568878174;0.8976109027862549;0.24620184302330017
0.887938380241394;0.29207491874694824;0.8976109027862549;0.2461385428905487
0.8922155499458313;0.2836647927761078;0.8976109027862549;0.24613980948925018
0.8845166563987732;0.2920318841934204;0.8976109027862549;0.24612730741500854
0.886227548122406;0.2989697754383087;0.8976109027862549;0.24598965048789978
0.9033361673355103;0.28557735681533813;0.8976109027862549;0.2459353357553482
0.8930709958076477;0.27440589666366577;0.8976109027862549;0.24580544233322144
0.8853721022605896;0.28392040729522705;0.8976109027862549;0.24571488797664642
0.899058997631073;0.27900803089141846;0.8976109027862549;0.24563702940940857
0.8802395462989807;0.29659730195999146;0.8976109027862549;0.24567186832427979
0.8956372737884521;0.28885242342948914;0.8976109027862549;0.24563778936862946
0.8905047178268433;0.2895538806915283;0.8976109027862549;0.24558541178703308
0.897348165512085;0.2859117090702057;0.8976109027862549;0.24552664160728455
0.8956372737884521;0.27195119857788086;0.8976109027862549;0.24551047384738922
0.8913601636886597;0.290251225233078;0.8976109027862549;0.24546483159065247
0.8828058242797852;0.29016679525375366;0.8976109027862549;0.24538551270961761
0.8853721022605896;0.28447309136390686;0.8976109027862549;0.2453397661447525
0.8887938261032104;0.2820878326892853;0.8976109027862549;0.24540184438228607
0.8905047178268433;0.28638002276420593;0.8976109027862549;0.24535515904426575
0.8913601636886597;0.2922152578830719;0.8976109027862549;0.245270237326622
0.899058997631073;0.28726986050605774;0.8976109027862549;0.24522532522678375
0.8793841004371643;0.2917606830596924;0.8976109027862549;0.24518264830112457
0.8982036113739014;0.2755309045314789;0.8976109027862549;0.24513143301010132
0.8947818875312805;0.273877888917923;0.8976109027862549;0.24506081640720367
0.8870829939842224;0.29385045170783997;0.8976109027862549;0.24505537748336792
0.8939264416694641;0.286204069852829;0.8976109027862549;0.24506907165050507
0.8887938261032104;0.2797349691390991;0.8976109027862549;0.24504722654819489
0.8930709958076477;0.2857409417629242;0.8976109027862549;0.24497371912002563
0.8947818875312805;0.2892710864543915;0.8976109027862549;0.24494393169879913
0.8887938261032104;0.29116305708885193;0.8976109027862549;0.24484921991825104
0.8922155499458313;0.2820342779159546;0.8976109027862549;0.24489544332027435
0.8922155499458313;0.28347647190093994;0.8976109027862549;0.24496157467365265
0.8964927196502686;0.2833896577358246;0.8976109027862549;0.2448546439409256
0.8870829939842224;0.2829366624355316;0.8976109027862549;0.2448693811893463
0.8819503784179688;0.2833283841609955;0.8976109027862549;0.24474582076072693
0.8930709958076477;0.2806411385536194;0.8976109027862549;0.24463190138339996
0.8982036113739014;0.28118646144866943;0.8976109027862549;0.24457086622714996
0.8956372737884521;0.28594666719436646;0.8976109027862549;0.2444860339164734
0.8870829939842224;0.28591519594192505;0.8976109027862549;0.24454501271247864
0.8930709958076477;0.28601253032684326;0.8976109027862549;0.24457229673862457
0.8887938261032104;0.2869587540626526;0.8976109027862549;0.24449920654296875
0.8828058242797852;0.2949179708957672;0.8976109027862549;0.2445177435874939
0.887938380241394;0.2961788773536682;0.8976109027862549;0.24455693364143372
0.887938380241394;0.2898986041545868;0.8976109027862549;0.24450087547302246
0.8887938261032104;0.283825159072876;0.8976109027862549;0.24448998272418976
0.8947818875312805;0.2782057821750641;0.8976109027862549;0.24435843527317047
0.8956372737884521;0.28461095690727234;0.8976109027862549;0.24435198307037354
0.8964927196502686;0.2705577313899994;0.8976109027862549;0.24438999593257904
0.9007698893547058;0.285858154296875;0.8976109027862549;0.2443239390850067
0.9024807810783386;0.28241366147994995;0.8976109027862549;0.24427300691604614
0.8896492719650269;0.28166401386260986;0.8976109027862549;0.2443578690290451
0.8922155499458313;0.2901586592197418;0.8976109027862549;0.24432815611362457
0.8913601636886597;0.28794029355049133;0.8976109027862549;0.24434664845466614
0.8793841004371643;0.28094586730003357;0.8976109027862549;0.24425475299358368
0.899058997631073;0.2795305848121643;0.8976109027862549;0.24417570233345032
0.8913601636886597;0.2836478352546692;0.8976109027862549;0.24413888156414032
0.8922155499458313;0.2779031991958618;0.8976109027862549;0.24405530095100403
0.8930709958076477;0.272564560174942;0.8976109027862549;0.24396827816963196
0.8939264416694641;0.2797270715236664;0.8976109027862549;0.24389809370040894
0.8870829939842224;0.29313912987709045;0.8976109027862549;0.2439582198858261
0.8810949325561523;0.28435391187667847;0.8976109027862549;0.24391072988510132
0.8939264416694641;0.29861757159233093;0.8976109027862549;0.2438948154449463
0.8870829939842224;0.2923143208026886;0.8976109027862549;0.24389760196208954
0.8870829939842224;0.276245653629303;0.8976109027862549;0.24389199912548065
0.8836612701416016;0.27865147590637207;0.8976109027862549;0.24377113580703735
0.8810949325561523;0.2936779260635376;0.8976109027862549;0.24381008744239807
0.8939264416694641;0.275488018989563;0.8976109027862549;0.24381563067436218
0.8956372737884521;0.28075990080833435;0.8976109027862549;0.24376621842384338
0.8836612701416016;0.2798304557800293;0.8976109027862549;0.24373584985733032
0.8947818875312805;0.2778468728065491;0.8976109027862549;0.24370257556438446
0.8870829939842224;0.2822539806365967;0.8976109027862549;0.24371108412742615
0.8982036113739014;0.27617231011390686;0.8976109027862549;0.24367129802703857
0.8922155499458313;0.2686769366264343;0.8976109027862549;0.24356620013713837
0.8896492719650269;0.2917923927307129;0.8976109027862549;0.24355347454547882
0.8964927196502686;0.27978014945983887;0.8976109027862549;0.24354110658168793
0.8956372737884521;0.2779766321182251;0.8976109027862549;0.24340611696243286
0.9024807810783386;0.279989629983902;0.8976109027862549;0.24342010915279388
0.8956372737884521;0.28120747208595276;0.8976109027862549;0.24338123202323914
0.8887938261032104;0.2805892527103424;0.8976109027862549;0.24331730604171753
0.897348165512085;0.2801876366138458;0.8976109027862549;0.24328014254570007
0.9024807810783386;0.2875078022480011;0.8976109027862549;0.24320833384990692
0.8922155499458313;0.29377755522727966;0.8976109027862549;0.24309667944908142
0.8930709958076477;0.2829485535621643;0.8976109027862549;0.2430220991373062
0.8930709958076477;0.2809353172779083;0.8976109027862549;0.2430238425731659
0.8982036113739014;0.27344560623168945;0.8976109027862549;0.2429971545934677
0.8947818875312805;0.28283369541168213;0.8976109027862549;0.24293681979179382
0.887938380241394;0.2817065715789795;0.8976109027862549;0.242889866232872
0.8939264416694641;0.2880510091781616;0.894197940826416;0.24282220005989075
0.8999144434928894;0.27723532915115356;0.894197940826416;0.24278126657009125
0.8819503784179688;0.28724125027656555;0.894197940826416;0.242706298828125
0.8922155499458313;0.2763189375400543;0.894197940826416;0.24269385635852814
0.8887938261032104;0.2826065123081207;0.894197940826416;0.24265247583389282
0.8810949325561523;0.2841675579547882;0.894197940826416;0.24272491037845612
0.887938380241394;0.29357150197029114;0.894197940826416;0.24272124469280243
0.8939264416694641;0.2831210196018219;0.894197940826416;0.24277113378047943
0.897348165512085;0.28917792439460754;0.8976109027862549;0.24280478060245514
0.8845166563987732;0.2844529151916504;0.894197940826416;0.2427605837583542
0.8896492719650269;0.28387585282325745;0.894197940826416;0.2427307814359665
0.886227548122406;0.28112509846687317;0.894197940826416;0.24274452030658722
0.8947818875312805;0.27402305603027344;0.8976109027862549;0.2427392452955246
0.8964927196502686;0.2736998498439789;0.894197940826416;0.24267612397670746
0.9033361673355103;0.2680133283138275;0.8976109027862549;0.24276983737945557
0.8810949325561523;0.28846031427383423;0.8976109027862549;0.24278514087200165
0.8930709958076477;0.28480204939842224;0.8976109027862549;0.24288326501846313
0.8793841004371643;0.30727842450141907;0.8976109027862549;0.24292005598545074
0.8905047178268433;0.28076329827308655;0.8976109027862549;0.2429681420326233
0.8836612701416016;0.2804492712020874;0.8976109027862549;0.2429647147655487
0.8939264416694641;0.30005761981010437;0.8976109027862549;0.24302680790424347
0.8956372737884521;0.2848042845726013;0.8976109027862549;0.24284498393535614
0.8922155499458313;0.27732178568840027;0.8976109027862549;0.24280087649822235
0.886227548122406;0.28102999925613403;0.8976109027862549;0.24274134635925293
0.8930709958076477;0.27774113416671753;0.8976109027862549;0.24268382787704468
